Population,,Allele: frequency (count),Genotype: frequency (count),Genotypes
ALL;1000GENOMES:phase_3:ALL,,C: 0.702 (3518) T: 0.298 (1490) ,C|C: 0.560 (1402) C|T: 0.285 (714) T|T: 0.155 (388) ,
AFR;1000GENOMES:phase_3:AFR,,C: 0.978 (1293) T: 0.022 (29) ,C|C: 0.956 (632) C|T: 0.044 (29) ,
  ACB;1000GENOMES:phase_3:ACB,,C: 0.969 (186) T: 0.031 (6) ,C|C: 0.938 (90) C|T: 0.062 (6) ,
  ASW;1000GENOMES:phase_3:ASW,,C: 0.893 (109) T: 0.107 (13) ,C|C: 0.787 (48) C|T: 0.213 (13) ,
  ESN;1000GENOMES:phase_3:ESN,,C: 0.995 (197) T: 0.005 (1) ,C|C: 0.990 (98) C|T: 0.010 (1) ,
  GWD;1000GENOMES:phase_3:GWD,,C: 0.991 (224) T: 0.009 (2) ,C|C: 0.982 (111) C|T: 0.018 (2) ,
  LWK;1000GENOMES:phase_3:LWK,,C: 0.980 (194) T: 0.020 (4) ,C|C: 0.960 (95) C|T: 0.040 (4) ,
  MSL;1000GENOMES:phase_3:MSL,,C: 0.994 (169) T: 0.006 (1) ,C|C: 0.988 (84) C|T: 0.012 (1) ,
  YRI;1000GENOMES:phase_3:YRI,,C: 0.991 (214) T: 0.009 (2) ,C|C: 0.981 (106) C|T: 0.019 (2) ,
AMR;1000GENOMES:phase_3:AMR,,C: 0.414 (287) T: 0.586 (407) ,C|C: 0.199 (69) C|T: 0.429 (149) T|T: 0.372 (129) ,
  CLM;1000GENOMES:phase_3:CLM,,C: 0.574 (108) T: 0.426 (80) ,C|C: 0.351 (33) C|T: 0.447 (42) T|T: 0.202 (19) ,
  MXL;1000GENOMES:phase_3:MXL,,C: 0.312 (40) T: 0.688 (88) ,C|C: 0.109 (7) C|T: 0.406 (26) T|T: 0.484 (31) ,
  PEL;1000GENOMES:phase_3:PEL,,C: 0.194 (33) T: 0.806 (137) ,C|C: 0.024 (2) C|T: 0.341 (29) T|T: 0.635 (54) ,
  PUR;1000GENOMES:phase_3:PUR,,C: 0.510 (106) T: 0.490 (102) ,C|C: 0.260 (27) C|T: 0.500 (52) T|T: 0.240 (25) ,
EAS;1000GENOMES:phase_3:EAS,,C: 0.434 (437) T: 0.566 (571) ,C|C: 0.230 (116) C|T: 0.407 (205) T|T: 0.363 (183) ,
  CDX;1000GENOMES:phase_3:CDX,,C: 0.220 (41) T: 0.780 (145) ,C|C: 0.032 (3) C|T: 0.376 (35) T|T: 0.591 (55) ,
  CHB;1000GENOMES:phase_3:CHB,,C: 0.646 (133) T: 0.354 (73) ,C|C: 0.427 (44) C|T: 0.437 (45) T|T: 0.136 (14) ,
  CHS;1000GENOMES:phase_3:CHS,,C: 0.414 (87) T: 0.586 (123) ,C|C: 0.162 (17) C|T: 0.505 (53) T|T: 0.333 (35) ,
  JPT;1000GENOMES:phase_3:JPT,,C: 0.673 (140) T: 0.327 (68) ,C|C: 0.471 (49) C|T: 0.404 (42) T|T: 0.125 (13) ,
  KHV;1000GENOMES:phase_3:KHV,,C: 0.182 (36) T: 0.818 (162) ,C|C: 0.030 (3) C|T: 0.303 (30) T|T: 0.667 (66) ,
EUR;1000GENOMES:phase_3:EUR,,C: 0.653 (657) T: 0.347 (349) ,C|C: 0.437 (220) C|T: 0.431 (217) T|T: 0.131 (66) ,
  CEU;1000GENOMES:phase_3:CEU,,C: 0.641 (127) T: 0.359 (71) ,C|C: 0.434 (43) C|T: 0.414 (41) T|T: 0.152 (15) ,
  FIN;1000GENOMES:phase_3:FIN,,C: 0.535 (106) T: 0.465 (92) ,C|C: 0.253 (25) C|T: 0.566 (56) T|T: 0.182 (18) ,
  GBR;1000GENOMES:phase_3:GBR,,C: 0.615 (112) T: 0.385 (70) ,C|C: 0.374 (34) C|T: 0.484 (44) T|T: 0.143 (13) ,
  IBS;1000GENOMES:phase_3:IBS,,C: 0.706 (151) T: 0.294 (63) ,C|C: 0.514 (55) C|T: 0.383 (41) T|T: 0.103 (11) ,
  TSI;1000GENOMES:phase_3:TSI,,C: 0.752 (161) T: 0.248 (53) ,C|C: 0.589 (63) C|T: 0.327 (35) T|T: 0.084 (9) ,
SAS;1000GENOMES:phase_3:SAS,,C: 0.863 (844) T: 0.137 (134) ,C|C: 0.746 (365) C|T: 0.233 (114) T|T: 0.020 (10) ,
  BEB;1000GENOMES:phase_3:BEB,,C: 0.797 (137) T: 0.203 (35) ,C|C: 0.616 (53) C|T: 0.360 (31) T|T: 0.023 (2) ,
  GIH;1000GENOMES:phase_3:GIH,,C: 0.908 (187) T: 0.092 (19) ,C|C: 0.816 (84) C|T: 0.184 (19) ,
  ITU;1000GENOMES:phase_3:ITU,,C: 0.907 (185) T: 0.093 (19) ,C|C: 0.814 (83) C|T: 0.186 (19) ,
  PJL;1000GENOMES:phase_3:PJL,,C: 0.839 (161) T: 0.161 (31) ,C|C: 0.740 (71) C|T: 0.198 (19) T|T: 0.062 (6) ,
  STU;1000GENOMES:phase_3:STU,,C: 0.853 (174) T: 0.147 (30) ,C|C: 0.725 (74) C|T: 0.255 (26) T|T: 0.020 (2) ,